Curvilinear abscissa; Z
0.00000000; 95.23724365
20.38678373; 95.23724365
27.92714309; 95.23724365
