Curvilinear abscissa; Z
0.00000000; 95.23724365
15.17157354; 95.23724365
24.96285821; 95.23724365
32.24342397; 95.23724365
52.50894994; 95.23724365
65.47233450; 95.23724365
